variable,missing_count,missing_percentage
transaction_id,0,0
customer_id,0,0
transaction_date,0,0
transaction_time,0,0
hour_of_day,0,0
is_weekend,0,0
is_night_transaction,0,0
country,0,0
city,0,0
merchant_category,0,0
payment_method,0,0
device_type,0,0
customer_age,0,0
credit_score,0,0
account_age_years,0,0
account_balance,0,0
transaction_amount,0,0
num_prev_transactions,0,0
transaction_freq_monthly,0,0
distance_from_home_km,0,0
time_since_last_txn_hrs,0,0
is_international,0,0
failed_attempts,0,0
pin_changed_recently,0,0
is_fraud,0,0
fraud_type,0,0
